ID,Emoji,Sentiment,Makna Emoji,Special Tag
1,ğŸ˜›,negative,Face With Stuck-Out Tongue, <FACE WITH STUCK-OUT TOUNGES>
2,ğŸ˜ ,negative,Angry Face,<Angry Face>
3,ğŸ’£,negative,Bomb,<Bomb>
4,ğŸ’”,negative,Broken Heart,<Broken Heart>
5,ğŸ˜•,negative,Confused Face,<Confused Face>
6,ğŸ˜,negative,Disappointed Face,<Disappointed Face>
7,ğŸ˜‘,negative,Expressionless Face,<Expressionless Face>
8,ğŸ˜‹,negative,Face Savouring Delicious Food,<Face Savouring Delicious Food>
9,ğŸ˜±,negative,Face Screaming in Fear,<Face Screaming in Fear>
10,ğŸ˜“,negative,Face With Cold Sweat,<Face With Cold Sweat>
11,ğŸ˜®,negative,Face With Open Mouth,<Face With Open Mouth>
12,ğŸ˜¤,negative,Face With Steam From Nose,<Face With Steam From Nose>
13,ğŸ˜,negative,Face With Stuck-Out Tongue & Closed Eyes,<Face With Stuck-Out Tongue & Closed Eyes>
14,ğŸ˜¶,negative,Face Without Mouth,<Face Without Mouth>
15,ğŸ”¥,negative,Fire,<Fire>
16,â˜¹,negative,Frowning Face,<Frowning Face>
17,ğŸ˜¬,negative,Grimacing Face,<Grimacing Face>
18,âš¡,negative,High Voltage,<High Voltage>
19,ğŸ¤¥,negative,Lying Face,<Lying Face>
20,ğŸ˜£,negative,Persevering Face,<Persevering Face>
21,ğŸ™‡,negative,Person Bowing,<Person Bowing>
22,ğŸƒ,negative,Person Running,<Person Running>
23,ğŸ½,negative,Pig Nose,<Pig Nose>
24,ğŸ˜¡,negative,Pouting Face,<Pouting Face>
25,ğŸ™ˆ,negative,See-No-Evil Monkey,<See-No-Evil Monkey>
26,ğŸ™,negative,Slightly Frowning Face,<Slightly Frowning Face>
27,ğŸ™Š,negative,Speak-No-Evil Monkey,<Speak-No-Evil>
28,ğŸ¤”,negative,Thinking Face,<Thinking Face>
29,ğŸ‘,negative,Thumbs Down,<Thumbs Down>
30,ğŸ‘…,negative,Tongue,<Tongue>
31,ğŸ˜©,negative,Weary Face,<Weary Face>
32,ğŸ¤,negative,Zipper-Mouth Face,<Zipper-Mouth Face>
33,ğŸ˜,negative,Neutral Face,<Neutral Face>
34,ğŸ™„,negative,Face With Rolling Eyes,<Face With Rolling Eyes>
35,ğŸ˜,negative,Smirking Face,<Smirking Face>
36,ğŸ˜¥,negative,Disappointed but Relieved Face,<Disappointed but Relieved Face>
37,ğŸ˜¯,negative,Hushed Face,<Hushed Face>
38,ğŸ˜ª,negative,Sleepy Face,<Sleepy Face>
39,ğŸ˜«,negative,Tired Face,<Tired Face>
40,ğŸ˜´,negative,Sleeping Face,<Sleeping Face>
41,ğŸ˜Œ,negative,Relieved Face,<Relieved Face>
42,ğŸ˜œ,negative,Face With Stuck-Out Tongue & Winking EyeNegatif,<Face With Stuck-Out Tongue & Winking EyeNegatif>
43,ğŸ¤¤,negative,Drooling Face,<Drooling Face>
44,ğŸ˜’,negative,Unamused Face,<Unamused Face>
45,ğŸ˜”,negative,Pensive Face,<Pensive Face>
46,ğŸ™ƒ,negative,Upside-Down Face,<Upside-Down Face>
47,ğŸ¤‘,negative,Money-Mouth Face,<Money-Mouth Face>
48,ğŸ˜²,negative,Astonished Face,<Astonished Face>
49,ğŸ˜–,negative,Confounded Face,<Confounded Face>
50,ğŸ˜Ÿ,negative,Worried Face,<Worried Face>
51,ğŸ˜¢,negative,Crying Face,<Crying Face>
52,ğŸ˜­,negative,Loudly Crying Face,<Loudly Crying Face>
53,ğŸ˜¦,negative,Frowning Face With Open Mouth,<Frowning Face With Open Mouth>
54,ğŸ˜§,negative,Anguished Face,<Anguished Face>
55,ğŸ˜¨,negative,Fearful Face,<Fearful Face>
56,ğŸ˜°,negative,Face With Open Mouth & Cold Sweat,<Face With Open Mouth & Cold Sweat>
57,ğŸ˜³,negative,Flushed Face,<Flushed Face>
58,ğŸ˜µ,negative,Dizzy Face,<Dizzy Face>
59,ğŸ˜·,negative,Face With Medical Mask,<Face With Medical Mask>
60,ğŸ¤’,negative,Face With Thermometer,<Face With Thermometer>
61,ğŸ¤•,negative,Face With Head-Bandage,<Face With Head-Bandage>
62,ğŸ¤¢,negative,Nauseated Face,<Nauseated Face>
63,ğŸ¤§,negative,Sneezing Face,<Sneezing Face>
64,ğŸ¤“,negative,Nerd Face,<Nerd Face>
65,ğŸ˜ˆ,negative,Smiling Face With Horns,<Smiling Face With Horns>
66,ğŸ‘¿,negative,Angry Face With Horns,<Angry Face With Horns>
67,ğŸ‘¹,negative,Ogre,<Ogre>
68,ğŸ‘º,negative,Goblin,<Goblin>
69,ğŸ’€,negative,Skull,<Skull>
70,â˜ ,negative,Skull and Crossbones,<Skull and Crossbones>
71,ğŸ‘»,negative,Ghost,<Ghost>
72,ğŸ’©,negative,Pile of Poo,<Pile of Poo>
73,ğŸ™€,negative,Weary Cat Face,<Weary Cat Face>
74,ğŸ˜¿,negative,Crying Cat Face,<Crying Cat Face>
75,ğŸ˜¾,negative,Pouting Cat Face,<Pouting Cat Face>
76,ğŸ™‰,negative,Hear-No-Evil Monkey,<Hear-No-Evil Monkey>
77,ğŸ™,negative,Person Pouting,<Person Pouting>
78,ğŸ™…,negative,Person Gesturing No,<Person Gesturing No>
79,ğŸ’,negative,Person Tipping Hand,<Person Tipping Hand>
80,ğŸ¤¦,negative,Person Facepalming,<Person Facepalming>
81,ğŸ¤·,negative,Person Shrugging,<Person Shrugging>
82,ğŸ¤,negative,Crossed Fingers,<Crossed Fingers>
83,ğŸ“‰,negative,Chart Decreasing,<Chart Decreasing>
84,â›”,negative,No Entry,<No Entry>
85,âœ–,negative,Heavy Multiplication X,<Heavy Multiplication X>
86,âŒ,negative,Cross Mark,<Cross Mark>
87,â,negative,Cross Mark Button,<Cross Mark Button>
88,ğŸ‘Œ,positive,OK Hand, <OK HAND>
89,ğŸ‘Š,positive,Oncoming Fist, <Oncoming Fist>
90,ğŸ¤˜,positive,Sign of the Horns, <SIGN OF THE HORNS>
91,ğŸ˜,positive,Smiling Face With Heart-Eyes, <SMILING FACE WITH HEART-EYES>
92,ğŸ˜Š,positive,Smiling Face With Smiling Eyes, <Smiling Face With Smiling Eyes>
93,ğŸ‘,positive,Thumbs Up, <THUMBS UP>
94,ğŸ˜¹,positive,Cat Face With Tears of Joy,<Cat Face With Tears of Joy>
95,ğŸ‘,positive,Clapping Hands,<Clapping Hands>
96,ğŸ˜˜,positive,Face Blowing a Kiss,<Face Blowing a Kiss>
97,ğŸ˜‚,positive,face with tears of joy,<FACE WITH TEARS OF JOY>
98,ğŸ™,positive,Folded Hands,<FOLDED HANDS>
99,âœŠ,positive,Glory,<Glory>
100,ğŸŒŸ,positive,Glowing Star,<Glowing Star>
101,ğŸ˜,positive,grining face with smile eye,<grining face with smile eye>
102,ğŸ˜€,positive,grining face,<grining face>
103,ğŸ’˜,positive,Heart With Arrow,<Heart With Arrow>
104,âœ”,positive,Heavy Check Mark,<Heavy Check Mark>
105,ğŸ¤—,positive,Hugging Face,<HUGGING FACE>
106,ğŸ˜š,positive,Kissing Face With Closed Eyes,<Kissing Face With Closed Eyes>
107,â¤,positive,lovered,<lovered>
108,ğŸ™‹,positive,Person Raising Hand,<Person Raising Hand>
109,ğŸ™Œ,positive,Raising Hands,<Raising Hands>
110,ğŸ¤£,positive,Rolling on the Floor Laughing,<Rolling on the Floor Laughing>
111,ğŸ˜†,positive,Smiling Face With Open Mouth & Closed Eyes,<Smiling Face With Open Mouth & Closed Eyes>
112,ğŸ˜…,positive,Smiling Face With Open Mouth & Cold Sweat,<Smiling Face With Open Mouth & Cold Sweat>
113,ğŸ˜„,positive,Smiling Face With Open Mouth & Smiling Eyes,<Smiling Face With Open Mouth & Smiling Eyes>
114,ğŸ˜,positive,Smiling Face With Sunglasses,<Smiling Face With Sunglasses>
115,ğŸ†,positive,Trophy,<Trophy>
116,âœŒ,positive,Victory Hand,<Victory Hand>
117,ğŸ˜ƒ,positive,Smiling Face With Open Mouth,<Smiling Face With Open Mouth>
118,ğŸ˜‰,positive,Wingking Face,<Wingking Face>
119,ğŸ˜—,positive,Kissing Face,<Kissing Face>
120,ğŸ˜™,positive,Kissing Face With Smiling Eyes,<Kissing Face With Smiling Eyes>
121,â˜º,positive,Smiling Face,<Smiling Face>
122,ğŸ™‚,positive,Slightly Smiling Face,<Slightly Smiling Face>
123,ğŸ˜‡,positive,Smiling Face With Halo,<Smiling Face With Halo>
124,ğŸ¤ ,positive,Cowboy Hat Face,<Cowboy Hat Face>
125,ğŸ¤¡,positive,Clown Face,<Clown Face>
126,ğŸ˜º,positive,Smiling Cat Face With Open Mouth,<Smiling Cat Face With Open Mouth>
127,ğŸ˜¸,positive,Grinning Cat Face With Smiling Eyes,<Grinning Cat Face With Smiling Eyes>
128,ğŸ˜»,positive,Smiling Cat Face With Heart-Eyes,<Smiling Cat Face With Heart-Eyes>
129,ğŸ˜¼,positive,Cat Face With Wry Smile,<Cat Face With Wry Smile>
130,ğŸ˜½,positive,Kissing Cat Face With Closed Eyes,<Kissing Cat Face With Closed Eyes>
131,ğŸ‘¨â€ğŸ“,positive,Man Student,<Man Student>
132,ğŸ‘©â€ğŸ“,positive,Woman Student,<Woman Student>
133,âœˆ,positive,Plane,<Plane>
134,ğŸ‘¼,positive,Baby Angel,<Baby Angel>
135,ğŸ‘¯ğŸ»,positive,Woman With Bunny Ears Type-1-2,<Woman With Bunny Ears Type-1-2>
136,ğŸ™†ğŸ»,positive,Person Gesturing OK Light Skin Tone,<Person Gesturing OK Light Skin Tone>
137,ğŸ’†,positive,Person Getting Massage,<Person Getting Massage>
138,ğŸš¶,positive,Person Walking,<Person Walking>
139,ğŸ’ƒ,positive,Woman Dancing,<Woman Dancing>
140,ğŸ‘­,positive,Two Women Holding Hands,<Two Women Holding Hands>
141,ğŸ’,positive,Kiss,<Kiss>
142,ğŸ’‘,positive,Couple With Heart,<Couple With Heart>
143,ğŸ’ª,positive,Flexed Biceps,<Flexed Biceps>
144,ğŸ–,positive,Raised Hand With Fingers Splayed,<Raised Hand With Fingers Splayed>
145,ğŸ¤,positive,Handshake,<Handshake>
146,ğŸ’‹,positive,Kiss Mark,<Kiss Mark>
147,ğŸ’,positive,Revolving Hearts,<Revolving Hearts>
148,ğŸ’,positive,Heart With Ribbon,<Heart With Ribbon>
149,ğŸ’,positive,Gem Stone,<Gem Stone>
150,ğŸ¥,positive,Front-Facing Baby Chick,<Front-Facing Baby Chick>
151,ğŸ’,positive,Bouquet,<Bouquet>
152,ğŸŒ¹,positive,Rose,<Rose>
153,ğŸŒ›,positive,First Quarter Moon With Face,<First Quarter Moon With Face>
154,ğŸŒœ,positive,Last Quarter Moon With Face,<Last Quarter Moon With Face>
155,ğŸŒ,positive,Full Moon With Face,<Full Moon With Face>
156,ğŸŒ,positive,Sun With Face,<Sun With Face>
157,â­,positive,White Medium Star,<White Medium Star>
158,ğŸŒˆ,positive,Rainbow,<Rainbow>
159,ğŸ€,positive,Ribbon,<Ribbon>
160,ğŸ,positive,Wrapped Gift,<Wrapped Gift>
161,ğŸ’¡,positive,Light Bulb,<Light Bulb>
162,ğŸ“ˆ,positive,Chart Increasing,<Chart Increasing>
163,ğŸ’¯,positive,Hundred Points,<Hundred Points>
164,ğŸ†—,positive,OK Button,<OK Button>
165,ğŸ‘¨ğŸ½â€â¤ï¸â€ğŸ’‹â€ğŸ‘©ğŸ¼,positive,Kiss - Man Medium Skin Tone Woman MediumLight Skin Tone,<Kiss - Man Medium Skin Tone Woman MediumLight Skin Tone>